year,type,value
2561,capacity,99010
2562,capacity,113975
2563,capacity,128118
2561,percapacity,0
2562,percapacity,0.151146349
2563,percapacity,0.124088616
